MainEntityName,Module 1_Inferred Retiree_URL1,Module 1_Inferred Retiree_Alias1,Module 1_Inferred Retiree_URL2,Module 1_Inferred Retiree_Alias2,Module 1_Transitioner_URL1,Module 1_Transitioner_Alias1,Module 1_Transitioner_URL2,Module 1_Transitioner_Alias2,Module 1_Mid-Career Saver_URL1,Module 1_Mid-Career Saver_Alias1,Module 1_Mid-Career Saver_URL2,Module 1_Mid-Career Saver_Alias2,Module 1_Young Saver_URL1,Module 1_Young Saver_Alias1,Module 1_Young Saver_URL2,Module 1_Young Saver_Alias2,Module 2_Prospect_Online_Activation_URL,Module 2_Prospect_Online_Activation_Alias,Module 2_Prospect_ProAccount_URL,Module 2_Prospect_ProAccount_Alias,Module 2_Prospect_Rollin_NonRetiree_URL,Module 2_Prospect_Rollin_NonRetiree_Alias,Module 2_Prospect_Rollin_Retiree_URL,Module 2_Prospect_Rollin_Retiree_Alias,Module 2_Prospect_CE_Increase_URL,Module 2_Prospect_CE_Increase_Alias,Module 2_Prospect_MIRP_User_URL,Module 2_Prospect_MIRP_User_Alias,Module 2_Prospect_MIRP_Revisit_URL,Module 2_Prospect_MIRP_Revisit_Alias,Module 2_Prospect_Stay_in_Plan_Retiree_URL,Module 2_Prospect_Stay_in_Plan_Retiree_Alias,Module 2_Prospect_Stay_in_Plan_Transitioner_URL,Module 2_Prospect_Stay_in_Plan_Transitioner_Alias,Module 2_Prospect_FNA_Retiree_Phone,Module 2_Prospect_FNA_Retiree_Alias,Module 2_Prospect_FNA_NonRetiree_Phone,Module 2_Prospect_FNA_NonRetiree_Alias,Module 2_Prospect_Covid19_Hub_URL,Module 2_Prospect_Covid19_Hub_Alias,Module_2_Prospect_Financial_Hardship_Phone,Module_2_Prospect_Financial_Hardship_Alias,Inferred Retiree_T1SL_A,Inferred Retiree_T1SL_B,Transitioner_T1SL_A,Transitioner_T1SL_B,Mid-Career Saver_T1SL_A,Mid-Career Saver_T1SL_B,Young Saver_T1SL_A,Young Saver_T1SL_B,Inferred Retiree_T1SLRB,Transitioner_T1SLRB,Mid-Career Saver_T1SLRB,Young Saver_T1SLRB,Inferred Retiree_T1SSL,Transitioner_T1SSL,Mid-Career Saver_T1SSL,Young Saver_T1SSL
All Other,https://blog.nationwide.com/who-to-name-in-a-will/,Module1_InferredRetiree_URL1,,,https://blog.nationwide.com/who-to-name-in-a-will/,Module1_Transitioner_URL1,,,https://www.experian.com/blogs/ask-experian/credit-education/score-basics/,Module1_Mid-CareerSaver_URL1,,,https://www.experian.com/blogs/ask-experian/credit-education/score-basics/,Module1_YoungSaver_URL1,,,https://www.nrsforu.com/iApp/rsc/establishUserIdentify.x,M2_Online_Activation_EstablishIdentity,https://www.nrsforu.com/rsc-web-preauth/enroll/proaccount/index.html,M2_ProAccount_About,https://www.nrsforu.com/rsc-web-preauth/articles/rollovers.html,M2_Rollin_NonRetiree_BenefitsofConsolidation,https://www.nrsforu.com/rsc-web-preauth/articles/rollovers.html,M2_Rollin_Retiree_BenefitsofConsolidation,https://www.nrsforu.com/iApp/rsc/login.x,M2_CE_Increase_Login,https://www.nrsforu.com/iApp/rsc/one-rp-retirement-planner.x,M2_MIRP_Users_DeepLink,https://www.nrsforu.com/iApp/rsc/one-rp-retirement-planner.x,M2_MIRP_ReVisit_DeepLink,https://www.nrsforu.com/rsc-web-preauth/about-to-retire/articles/stay-in-your-plan.html,M2_StayInPlan_PUBRetirees_Benefits,https://www.nrsforu.com/rsc-web-preauth/about-to-retire/articles/stay-in-your-plan.html,M2_StayInPlan_Transitioners_Benefits,,,,,,,,,The conversation more people are having,,The conversation more people are having,,A pro tip on credit scores,,A pro tip on credit scores,,Creating a will – free and simplified,Creating a will – free and simplified,How your credit score can help your retirement,How your credit score can help your retirement,Prepare for your future to make sure your wishes are honored.,Prepare for your future to make sure your wishes are honored.,Get tips on how to raise your credit score and improve your finances.,Get tips on how to raise your credit score and improve your finances.
All Other - Private Sector,,,,,https://blog.nationwide.com/who-to-name-in-a-will/,Module1_Transitioner_URL1,,,https://www.nationwide.com/personal/investing/retirement-plans/articles/credit,Module1_Mid-CareerSaver_URL1,,,https://www.nationwide.com/personal/investing/retirement-plans/articles/credit,Module1_YoungSaver_URL1,,,https://www.nationwide.com/myretirement,M2_Online_Activation_EstablishIdentity,https://www.nationwide.com/myretirement,M2_ProAccount_About,https://www.nationwide.com/myretirement,M2_Rollin_NonRetiree_BenefitsofConsolidation,https://www.nationwide.com/myretirement,M2_Rollin_Retiree_BenefitsofConsolidation,https://www.nationwide.com/myretirement,M2_CE_Increase_Login,https://www.nationwide.com/myretirement,M2_MIRP_Users_Login,https://www.nationwide.com/myretirement,M2_MIRP_ReVisit_Login,,,,,,,,,,,,,,,The conversation more people are having,,A pro tip on credit scores,,A pro tip on credit scores,,,Creating a will – free and simplified,How your credit score can help your retirement,How your credit score can help your retirement,,Prepare for your future to make sure your wishes are honored.,Get tips on how to raise your credit score and improve your finances.,Get tips on how to raise your credit score and improve your finances.
Arizona Deferred Compensation Plan,https://blog.nationwide.com/who-to-name-in-a-will/,Module1_InferredRetiree_URL1,,,https://blog.nationwide.com/who-to-name-in-a-will/,Module1_Transitioner_URL1,,,https://www.experian.com/blogs/ask-experian/credit-education/score-basics/,Module1_Mid-CareerSaver_URL1,,,https://www.experian.com/blogs/ask-experian/credit-education/score-basics/,Module1_YoungSaver_URL1,,,https://www.arizonadc.com/iApp/rsc/establishUserIdentify.x,M2_Online_Activation_EstablishIdentity,https://www.arizonadc.com/iApp/tcm/arizonadc/about/proaccount.jsp,M2_ProAccount_About,https://www.arizonadc.com/iApp/tcm/arizonadc/learning/library/some_benefits_of_consolidation.jsp,M2_Rollin_NonRetiree_BenefitsofConsolidation,https://www.arizonadc.com/iApp/tcm/arizonadc/learning/library/some_benefits_of_consolidation.jsp,M2_Rollin_Retiree_BenefitsofConsolidation,https://www.arizonadc.com/iApp/rsc/login.x,M2_CE_Increase_Login,https://www.arizonadc.com/iApp/rsc/one-rp-retirement-planner.x,M2_MIRP_Users_DeepLink,https://www.arizonadc.com/iApp/rsc/one-rp-retirement-planner.x,M2_MIRP_ReVisit_DeepLink,https://www.arizonadc.com/iApp/tcm/arizonadc/learning/library/possible_benefits_of_staying_in_the_plan.jsp,M2_StayInPlan_PUBRetirees_Benefits,https://www.arizonadc.com/iApp/tcm/arizonadc/learning/library/possible_benefits_of_staying_in_the_plan.jsp,M2_StayInPlan_Transitioners_Benefits,,,,,,,,,The conversation more people are having,,The conversation more people are having,,A pro tip on credit scores,,A pro tip on credit scores,,Creating a will – free and simplified,Creating a will – free and simplified,How your credit score can help your retirement,How your credit score can help your retirement,Prepare for your future to make sure your wishes are honored.,Prepare for your future to make sure your wishes are honored.,Get tips on how to raise your credit score and improve your finances.,Get tips on how to raise your credit score and improve your finances.
Aurora,https://blog.nationwide.com/who-to-name-in-a-will/,Module1_InferredRetiree_URL1,,,https://blog.nationwide.com/who-to-name-in-a-will/,Module1_Transitioner_URL1,,,https://www.experian.com/blogs/ask-experian/credit-education/score-basics/,Module1_Mid-CareerSaver_URL1,,,https://www.experian.com/blogs/ask-experian/credit-education/score-basics/,Module1_YoungSaver_URL1,,,https://www.aurora457.org/iApp/rsc/establishUserIdentify.x,M2_Online_Activation_EstablishIdentity,https://www.aurora457.org/iApp/tcm/aurora457/about/proaccount.jsp,M2_ProAccount_About,https://www.aurora457.org/iApp/tcm/aurora457/learning/library/some_benefits_of_consolidation.jsp,M2_Rollin_NonRetiree_BenefitsofConsolidation,https://www.aurora457.org/iApp/tcm/aurora457/learning/library/some_benefits_of_consolidation.jsp,M2_Rollin_Retiree_BenefitsofConsolidation,https://www.aurora457.org/iApp/rsc/login.x,M2_CE_Increase_Login,https://www.aurora457.com/iApp/rsc/one-rp-retirement-planner.x,M2_MIRP_Users_DeepLink,https://www.aurora457.com/iApp/rsc/one-rp-retirement-planner.x,M2_MIRP_ReVisit_DeepLink,https://www.aurora457.org/iApp/tcm/aurora457/learning/library/possible_benefits_of_staying_in_the_plan.jsp,M2_StayInPlan_PUBRetirees_Benefits,https://www.aurora457.org/iApp/tcm/aurora457/learning/library/possible_benefits_of_staying_in_the_plan.jsp,M2_StayInPlan_Transitioners_Benefits,,,,,,,,,The conversation more people are having,,The conversation more people are having,,A pro tip on credit scores,,A pro tip on credit scores,,Creating a will – free and simplified,Creating a will – free and simplified,How your credit score can help your retirement,How your credit score can help your retirement,Prepare for your future to make sure your wishes are honored.,Prepare for your future to make sure your wishes are honored.,Get tips on how to raise your credit score and improve your finances.,Get tips on how to raise your credit score and improve your finances.
Baltimore,https://blog.nationwide.com/who-to-name-in-a-will/,Module1_InferredRetiree_URL1,,,https://blog.nationwide.com/who-to-name-in-a-will/,Module1_Transitioner_URL1,,,https://www.experian.com/blogs/ask-experian/credit-education/score-basics/,Module1_Mid-CareerSaver_URL1,,,https://www.experian.com/blogs/ask-experian/credit-education/score-basics/,Module1_YoungSaver_URL1,,,https://www.retirewithbmore.org/iApp/rsc/establishUserIdentify.x,M2_Online_Activation_EstablishIdentity,https://www.retirewithbmore.org/iApp/tcm/retirewithbmore/about/proaccount.jsp,M2_ProAccount_About,https://www.retirewithbmore.org/iApp/tcm/retirewithbmore/learning/library/some_benefits_of_consolidation.jsp,M2_Rollin_NonRetiree_BenefitsofConsolidation,https://www.retirewithbmore.org/iApp/tcm/retirewithbmore/learning/library/some_benefits_of_consolidation.jsp,M2_Rollin_Retiree_BenefitsofConsolidation,https://www.retirewithbmore.org/iApp/rsc/login.x,M2_CE_Increase_Login,https://www.retirewithbmore.com/iApp/rsc/one-rp-retirement-planner.x,M2_MIRP_Users_DeepLink,https://www.retirewithbmore.com/iApp/rsc/one-rp-retirement-planner.x,M2_MIRP_ReVisit_DeepLink,https://www.retirewithbmore.org/iApp/tcm/retirewithbmore/learning/library/possible_benefits_of_staying_in_the_plan.jsp,M2_StayInPlan_PUBRetirees_Benefits,https://www.retirewithbmore.org/iApp/tcm/retirewithbmore/learning/library/possible_benefits_of_staying_in_the_plan.jsp,M2_StayInPlan_Transitioners_Benefits,,,,,,,,,The conversation more people are having,,The conversation more people are having,,A pro tip on credit scores,,A pro tip on credit scores,,Creating a will – free and simplified,Creating a will – free and simplified,How your credit score can help your retirement,How your credit score can help your retirement,Prepare for your future to make sure your wishes are honored.,Prepare for your future to make sure your wishes are honored.,Get tips on how to raise your credit score and improve your finances.,Get tips on how to raise your credit score and improve your finances.
California Savings Plus Program,https://blog.nationwide.com/who-to-name-in-a-will/,Module1_InferredRetiree_URL1,,,https://blog.nationwide.com/who-to-name-in-a-will/,Module1_Transitioner_URL1,,,https://www.experian.com/blogs/ask-experian/credit-education/score-basics/,Module1_Mid-CareerSaver_URL1,,,https://www.experian.com/blogs/ask-experian/credit-education/score-basics/,Module1_YoungSaver_URL1,,,https://www.savingsplusnow.com/iApp/rsc/establishUserIdentify.x,M2_Online_Activation_EstablishIdentity,https://www.savingsplusnow.com/iApp/tcm/savingsplusnow/about/proaccount.jsp,M2_ProAccount_About,https://www.savingsplusnow.com/iApp/tcm/savingsplusnow/learning/library/some_benefits_of_consolidation.jsp,M2_Rollin_NonRetiree_BenefitsofConsolidation,https://www.savingsplusnow.com/iApp/tcm/savingsplusnow/learning/library/some_benefits_of_consolidation.jsp,M2_Rollin_Retiree_BenefitsofConsolidation,https://www.savingsplusnow.com/iApp/rsc/login.x,M2_CE_Increase_Login,https://www.savingsplusnow.com/iApp/rsc/one-rp-retirement-planner.x,M2_MIRP_Users_DeepLink,https://www.savingsplusnow.com/iApp/rsc/one-rp-retirement-planner.x,M2_MIRP_ReVisit_DeepLink,https://www.savingsplusnow.com/iApp/tcm/savingsplusnow/learning/library/possible_benefits_of_staying_in_the_plan.jsp,M2_StayInPlan_PUBRetirees_Benefits,https://www.savingsplusnow.com/iApp/tcm/savingsplusnow/learning/library/possible_benefits_of_staying_in_the_plan.jsp,M2_StayInPlan_Transitioners_Benefits,,,,,,,,,The conversation more people are having,,The conversation more people are having,,A pro tip on credit scores,,A pro tip on credit scores,,Creating a will – free and simplified,Creating a will – free and simplified,How your credit score can help your retirement,How your credit score can help your retirement,Prepare for your future to make sure your wishes are honored.,Prepare for your future to make sure your wishes are honored.,Get tips on how to raise your credit score and improve your finances.,Get tips on how to raise your credit score and improve your finances.
Chicago,https://blog.nationwide.com/who-to-name-in-a-will/,Module1_InferredRetiree_URL1,,,https://blog.nationwide.com/who-to-name-in-a-will/,Module1_Transitioner_URL1,,,https://www.experian.com/blogs/ask-experian/credit-education/score-basics/,Module1_Mid-CareerSaver_URL1,,,https://www.experian.com/blogs/ask-experian/credit-education/score-basics/,Module1_YoungSaver_URL1,,,https://www.chicagodeferredcomp.com/iApp/rsc/establishUserIdentify.x,M2_Online_Activation_EstablishIdentity,https://www.chicagodeferredcomp.com/iApp/tcm/chicagodeferredcomp/about/proaccount.jsp,M2_ProAccount_About,https://www.chicagodeferredcomp.com/iApp/tcm/chicagodeferredcomp/learning/library/some_benefits_of_consolidation.jsp,M2_Rollin_NonRetiree_BenefitsofConsolidation,https://www.chicagodeferredcomp.com/iApp/tcm/chicagodeferredcomp/learning/library/some_benefits_of_consolidation.jsp,M2_Rollin_Retiree_BenefitsofConsolidation,https://www.chicagodeferredcomp.com/iApp/rsc/login.x,M2_CE_Increase_Login,https://www.chicagodeferredcomp.com/iApp/rsc/one-rp-retirement-planner.x,M2_MIRP_Users_DeepLink,https://www.chicagodeferredcomp.com/iApp/rsc/one-rp-retirement-planner.x,M2_MIRP_ReVisit_DeepLink,https://www.chicagodeferredcomp.com/iApp/tcm/chicagodeferredcomp/learning/library/possible_benefits_of_staying_in_the_plan.jsp,M2_StayInPlan_PUBRetirees_Benefits,https://www.chicagodeferredcomp.com/iApp/tcm/chicagodeferredcomp/learning/library/possible_benefits_of_staying_in_the_plan.jsp,M2_StayInPlan_Transitioners_Benefits,,,,,,,,,The conversation more people are having,,The conversation more people are having,,A pro tip on credit scores,,A pro tip on credit scores,,Creating a will – free and simplified,Creating a will – free and simplified,How your credit score can help your retirement,How your credit score can help your retirement,Prepare for your future to make sure your wishes are honored.,Prepare for your future to make sure your wishes are honored.,Get tips on how to raise your credit score and improve your finances.,Get tips on how to raise your credit score and improve your finances.
Cook County,https://blog.nationwide.com/who-to-name-in-a-will/,Module1_InferredRetiree_URL1,,,https://blog.nationwide.com/who-to-name-in-a-will/,Module1_Transitioner_URL1,,,https://www.experian.com/blogs/ask-experian/credit-education/score-basics/,Module1_Mid-CareerSaver_URL1,,,https://www.experian.com/blogs/ask-experian/credit-education/score-basics/,Module1_YoungSaver_URL1,,,https://www.cookcountydc.com/iApp/rsc/establishUserIdentify.x,M2_Online_Activation_EstablishIdentity,https://www.cookcountydc.com/iApp/tcm/cookcountydc/about/proaccount.jsp,M2_ProAccount_About,https://www.cookcountydc.com/iApp/tcm/cookcountydc/learning/library/some_benefits_of_consolidation.jsp,M2_Rollin_NonRetiree_BenefitsofConsolidation,https://www.cookcountydc.com/iApp/tcm/cookcountydc/learning/library/some_benefits_of_consolidation.jsp,M2_Rollin_Retiree_BenefitsofConsolidation,https://www.cookcountydc.com/iApp/rsc/login.x,M2_CE_Increase_Login,https://www.cookcountydc.com/iApp/rsc/one-rp-retirement-planner.x,M2_MIRP_Users_DeepLink,https://www.cookcountydc.com/iApp/rsc/one-rp-retirement-planner.x,M2_MIRP_ReVisit_DeepLink,https://www.cookcountydc.com/iApp/tcm/cookcountydc/learning/library/possible_benefits_of_staying_in_the_plan.jsp,M2_StayInPlan_PUBRetirees_Benefits,https://www.cookcountydc.com/iApp/tcm/cookcountydc/learning/library/possible_benefits_of_staying_in_the_plan.jsp,M2_StayInPlan_Transitioners_Benefits,,,,,,,,,The conversation more people are having,,The conversation more people are having,,A pro tip on credit scores,,A pro tip on credit scores,,Creating a will – free and simplified,Creating a will – free and simplified,How your credit score can help your retirement,How your credit score can help your retirement,Prepare for your future to make sure your wishes are honored.,Prepare for your future to make sure your wishes are honored.,Get tips on how to raise your credit score and improve your finances.,Get tips on how to raise your credit score and improve your finances.
Denver,https://blog.nationwide.com/who-to-name-in-a-will/,Module1_InferredRetiree_URL1,,,https://blog.nationwide.com/who-to-name-in-a-will/,Module1_Transitioner_URL1,,,https://www.experian.com/blogs/ask-experian/credit-education/score-basics/,Module1_Mid-CareerSaver_URL1,,,https://www.experian.com/blogs/ask-experian/credit-education/score-basics/,Module1_YoungSaver_URL1,,,https://www.denver457.com/iApp/rsc/establishUserIdentify.x,M2_Online_Activation_EstablishIdentity,https://www.denver457.com/iApp/tcm/denver457/about/proaccount.jsp,M2_ProAccount_About,https://www.denver457.com/iApp/tcm/denver457/learning/library/some_benefits_of_consolidation.jsp,M2_Rollin_NonRetiree_BenefitsofConsolidation,https://www.denver457.com/iApp/tcm/denver457/learning/library/some_benefits_of_consolidation.jsp,M2_Rollin_Retiree_BenefitsofConsolidation,https://www.denver457.com/iApp/rsc/login.x,M2_CE_Increase_Login,https://www.denver457.com/iApp/rsc/one-rp-retirement-planner.x,M2_MIRP_Users_DeepLink,https://www.denver457.com/iApp/rsc/one-rp-retirement-planner.x,M2_MIRP_ReVisit_DeepLink,https://www.denver457.com/iApp/tcm/denver457/learning/library/possible_benefits_of_staying_in_the_plan.jsp,M2_StayInPlan_PUBRetirees_Benefits,https://www.denver457.com/iApp/tcm/denver457/learning/library/possible_benefits_of_staying_in_the_plan.jsp,M2_StayInPlan_Transitioners_Benefits,,,,,,,,,The conversation more people are having,,The conversation more people are having,,A pro tip on credit scores,,A pro tip on credit scores,,Creating a will – free and simplified,Creating a will – free and simplified,How your credit score can help your retirement,How your credit score can help your retirement,Prepare for your future to make sure your wishes are honored.,Prepare for your future to make sure your wishes are honored.,Get tips on how to raise your credit score and improve your finances.,Get tips on how to raise your credit score and improve your finances.
Des Moines,https://blog.nationwide.com/who-to-name-in-a-will/,Module1_InferredRetiree_URL1,,,https://blog.nationwide.com/who-to-name-in-a-will/,Module1_Transitioner_URL1,,,https://www.experian.com/blogs/ask-experian/credit-education/score-basics/,Module1_Mid-CareerSaver_URL1,,,https://www.experian.com/blogs/ask-experian/credit-education/score-basics/,Module1_YoungSaver_URL1,,,https://www.desmoinesdcp.org/iApp/rsc/establishUserIdentify.x,M2_Online_Activation_EstablishIdentity,https://www.desmoinesdcp.org/iApp/tcm/desmoinesdcp/about/proaccount.jsp,M2_ProAccount_About,https://www.desmoinesdcp.org/iApp/tcm/desmoinesdcp/learning/library/some_benefits_of_consolidation.jsp,M2_Rollin_NonRetiree_BenefitsofConsolidation,https://www.desmoinesdcp.org/iApp/tcm/desmoinesdcp/learning/library/some_benefits_of_consolidation.jsp,M2_Rollin_Retiree_BenefitsofConsolidation,https://www.desmoinesdcp.org/iApp/rsc/login.x,M2_CE_Increase_Login,https://www.desmoinesdcp.org/iApp/rsc/login.x,M2_MIRP_Users_DeepLink,https://www.desmoinesdcp.org/iApp/rsc/login.x,M2_MIRP_ReVisit_DeepLink,https://www.desmoinesdcp.org/iApp/tcm/desmoinesdcp/learning/library/possible_benefits_of_staying_in_the_plan.jsp,M2_StayInPlan_PUBRetirees_Benefits,https://www.desmoinesdcp.org/iApp/tcm/desmoinesdcp/learning/library/possible_benefits_of_staying_in_the_plan.jsp,M2_StayInPlan_Transitioners_Benefits,,,,,,,,,The conversation more people are having,,The conversation more people are having,,A pro tip on credit scores,,A pro tip on credit scores,,Creating a will – free and simplified,Creating a will – free and simplified,How your credit score can help your retirement,How your credit score can help your retirement,Prepare for your future to make sure your wishes are honored.,Prepare for your future to make sure your wishes are honored.,Get tips on how to raise your credit score and improve your finances.,Get tips on how to raise your credit score and improve your finances.
Florida Deferred Compensation Plan,https://blog.nationwide.com/who-to-name-in-a-will/,Module1_InferredRetiree_URL1,,,https://blog.nationwide.com/who-to-name-in-a-will/,Module1_Transitioner_URL1,,,https://www.experian.com/blogs/ask-experian/credit-education/score-basics/,Module1_Mid-CareerSaver_URL1,,,https://www.experian.com/blogs/ask-experian/credit-education/score-basics/,Module1_YoungSaver_URL1,,,https://www.nrsflorida.com/iApp/rsc/establishUserIdentify.x,M2_Online_Activation_EstablishIdentity,https://www.nrsflorida.com/iApp/tcm/nrsflorida/about/proaccount.jsp,M2_ProAccount_About,https://www.nrsflorida.com/iApp/tcm/nrsflorida/learning/library/some_benefits_of_consolidation.jsp,M2_Rollin_NonRetiree_BenefitsofConsolidation,https://www.nrsflorida.com/iApp/tcm/nrsflorida/learning/library/some_benefits_of_consolidation.jsp,M2_Rollin_Retiree_BenefitsofConsolidation,https://www.nrsflorida.com/iApp/rsc/login.x,M2_CE_Increase_Login,https://www.nrsflorida.com/iApp/rsc/one-rp-retirement-planner.x,M2_MIRP_Users_DeepLink,https://www.nrsflorida.com/iApp/rsc/one-rp-retirement-planner.x,M2_MIRP_ReVisit_DeepLink,https://www.nrsflorida.com/iApp/tcm/nrsflorida/learning/library/possible_benefits_of_staying_in_the_plan.jsp,M2_StayInPlan_PUBRetirees_Benefits,https://www.nrsflorida.com/iApp/tcm/nrsflorida/learning/library/possible_benefits_of_staying_in_the_plan.jsp,M2_StayInPlan_Transitioners_Benefits,,,,,,,,,The conversation more people are having,,The conversation more people are having,,A pro tip on credit scores,,A pro tip on credit scores,,Creating a will – free and simplified,Creating a will – free and simplified,How your credit score can help your retirement,How your credit score can help your retirement,Prepare for your future to make sure your wishes are honored.,Prepare for your future to make sure your wishes are honored.,Get tips on how to raise your credit score and improve your finances.,Get tips on how to raise your credit score and improve your finances.
Fort Collins Retirement Plans,https://blog.nationwide.com/who-to-name-in-a-will/,Module1_InferredRetiree_URL1,,,https://blog.nationwide.com/who-to-name-in-a-will/,Module1_Transitioner_URL1,,,https://www.experian.com/blogs/ask-experian/credit-education/score-basics/,Module1_Mid-CareerSaver_URL1,,,https://www.experian.com/blogs/ask-experian/credit-education/score-basics/,Module1_YoungSaver_URL1,,,https://www.FortCollinsRP.com/iApp/rsc/establishUserIdentify.x,M2_Online_Activation_EstablishIdentity,https://www.FortCollinsRP.com/rsc-web-preauth/enroll/proaccount/index.html,M2_ProAccount_About,https://www.FortCollinsRP.com/rsc-web-preauth/articles/rollovers.html,M2_Rollin_NonRetiree_BenefitsofConsolidation,https://www.FortCollinsRP.com/rsc-web-preauth/articles/rollovers.html,M2_Rollin_Retiree_BenefitsofConsolidation,https://www.FortCollinsRP.com/iApp/rsc/login.x,M2_CE_Increase_Login,https://www.FortCollinsRP.com/iApp/rsc/one-rp-retirement-planner.x,M2_MIRP_Users_DeepLink,https://www.FortCollinsRP.com/iApp/rsc/one-rp-retirement-planner.x,M2_MIRP_ReVisit_DeepLink,https://www.FortCollinsRP.com/rsc-web-preauth/about-to-retire/articles/stay-in-your-plan.html,M2_StayInPlan_PUBRetirees_Benefits,https://www.FortCollinsRP.com/rsc-web-preauth/about-to-retire/articles/stay-in-your-plan.html,M2_StayInPlan_Transitioners_Benefits,,,,,,,,,The conversation more people are having,,The conversation more people are having,,A pro tip on credit scores,,A pro tip on credit scores,,Creating a will – free and simplified,Creating a will – free and simplified,How your credit score can help your retirement,How your credit score can help your retirement,Prepare for your future to make sure your wishes are honored.,Prepare for your future to make sure your wishes are honored.,Get tips on how to raise your credit score and improve your finances.,Get tips on how to raise your credit score and improve your finances.
Fresno County,https://blog.nationwide.com/who-to-name-in-a-will/,Module1_InferredRetiree_URL1,,,https://blog.nationwide.com/who-to-name-in-a-will/,Module1_Transitioner_URL1,,,https://www.experian.com/blogs/ask-experian/credit-education/score-basics/,Module1_Mid-CareerSaver_URL1,,,https://www.experian.com/blogs/ask-experian/credit-education/score-basics/,Module1_YoungSaver_URL1,,,https://www.fresno457.com/iApp/rsc/establishUserIdentify.x,M2_Online_Activation_EstablishIdentity,https://www.fresno457.com/rsc-web-preauth/enroll/proaccount/index.html,M2_ProAccount_About,https://www.fresno457.com/rsc-web-preauth/articles/rollovers.html,M2_Rollin_NonRetiree_BenefitsofConsolidation,https://www.fresno457.com/rsc-web-preauth/articles/rollovers.html,M2_Rollin_Retiree_BenefitsofConsolidation,https://www.fresno457.com/iApp/rsc/login.x,M2_CE_Increase_Login,https://www.fresno457.com/iApp/rsc/one-rp-retirement-planner.x,M2_MIRP_Users_DeepLink,https://www.fresno457.com/iApp/rsc/one-rp-retirement-planner.x,M2_MIRP_ReVisit_DeepLink,https://www.fresno457.com/rsc-web-preauth/about-to-retire/articles/stay-in-your-plan.html,M2_StayInPlan_PUBRetirees_Benefits,https://www.fresno457.com/rsc-web-preauth/about-to-retire/articles/stay-in-your-plan.html,M2_StayInPlan_Transitioners_Benefits,,,,,,,,,The conversation more people are having,,The conversation more people are having,,A pro tip on credit scores,,A pro tip on credit scores,,Creating a will – free and simplified,Creating a will – free and simplified,How your credit score can help your retirement,How your credit score can help your retirement,Prepare for your future to make sure your wishes are honored.,Prepare for your future to make sure your wishes are honored.,Get tips on how to raise your credit score and improve your finances.,Get tips on how to raise your credit score and improve your finances.
Gilbert,https://blog.nationwide.com/who-to-name-in-a-will/,Module1_InferredRetiree_URL1,,,https://blog.nationwide.com/who-to-name-in-a-will/,Module1_Transitioner_URL1,,,https://www.experian.com/blogs/ask-experian/credit-education/score-basics/,Module1_Mid-CareerSaver_URL1,,,https://www.experian.com/blogs/ask-experian/credit-education/score-basics/,Module1_YoungSaver_URL1,,,https://www.nrsforu.com/iApp/rsc/establishUserIdentify.x,M2_Online_Activation_EstablishIdentity,https://www.nrsforu.com/rsc-web-preauth/enroll/proaccount/index.html,M2_ProAccount_About,https://www.nrsforu.com/rsc-web-preauth/articles/rollovers.html,M2_Rollin_NonRetiree_BenefitsofConsolidation,https://www.nrsforu.com/rsc-web-preauth/articles/rollovers.html,M2_Rollin_Retiree_BenefitsofConsolidation,https://www.nrsforu.com/iApp/rsc/login.x,M2_CE_Increase_Login,https://www.nrsforu.com/iApp/rsc/one-rp-retirement-planner.x,M2_MIRP_Users_DeepLink,https://www.nrsforu.com/iApp/rsc/one-rp-retirement-planner.x,M2_MIRP_ReVisit_DeepLink,https://www.nrsforu.com/rsc-web-preauth/about-to-retire/articles/stay-in-your-plan.html,M2_StayInPlan_PUBRetirees_Benefits,https://www.nrsforu.com/rsc-web-preauth/about-to-retire/articles/stay-in-your-plan.html,M2_StayInPlan_Transitioners_Benefits,,,,,,,,,The conversation more people are having,,The conversation more people are having,,A pro tip on credit scores,,A pro tip on credit scores,,Creating a will – free and simplified,Creating a will – free and simplified,How your credit score can help your retirement,How your credit score can help your retirement,Prepare for your future to make sure your wishes are honored.,Prepare for your future to make sure your wishes are honored.,Get tips on how to raise your credit score and improve your finances.,Get tips on how to raise your credit score and improve your finances.
Genesee County,https://blog.nationwide.com/who-to-name-in-a-will/,Module1_InferredRetiree_URL1,,,https://blog.nationwide.com/who-to-name-in-a-will/,Module1_Transitioner_URL1,,,https://www.experian.com/blogs/ask-experian/credit-education/score-basics/,Module1_Mid-CareerSaver_URL1,,,https://www.experian.com/blogs/ask-experian/credit-education/score-basics/,Module1_YoungSaver_URL1,,,https://www.geneseecodcplans.com/iApp/rsc/establishUserIdentify.x,M2_Online_Activation_EstablishIdentity,https://www.geneseecodcplans.com/rsc-web-preauth/enroll/proaccount/index.html,M2_ProAccount_About,https://www.geneseecodcplans.com/rsc-web-preauth/articles/rollovers.html,M2_Rollin_NonRetiree_BenefitsofConsolidation,https://www.geneseecodcplans.com/rsc-web-preauth/articles/rollovers.html,M2_Rollin_Retiree_BenefitsofConsolidation,https://www.geneseecodcplans.com/iApp/rsc/login.x,M2_CE_Increase_Login,https://www.geneseecodcplans.com/iApp/rsc/one-rp-retirement-planner.x,M2_MIRP_Users_DeepLink,https://www.geneseecodcplans.com/iApp/rsc/one-rp-retirement-planner.x,M2_MIRP_ReVisit_DeepLink,https://www.geneseecodcplans.com/rsc-web-preauth/about-to-retire/articles/stay-in-your-plan.html,M2_StayInPlan_PUBRetirees_Benefits,https://www.geneseecodcplans.com/rsc-web-preauth/about-to-retire/articles/stay-in-your-plan.html,M2_StayInPlan_Transitioners_Benefits,,,,,,,,,The conversation more people are having,,The conversation more people are having,,A pro tip on credit scores,,A pro tip on credit scores,,Creating a will – free and simplified,Creating a will – free and simplified,How your credit score can help your retirement,How your credit score can help your retirement,Prepare for your future to make sure your wishes are honored.,Prepare for your future to make sure your wishes are honored.,Get tips on how to raise your credit score and improve your finances.,Get tips on how to raise your credit score and improve your finances.
Kansas City Deferred Compensation Plan,https://blog.nationwide.com/who-to-name-in-a-will/,Module1_InferredRetiree_URL1,,,https://blog.nationwide.com/who-to-name-in-a-will/,Module1_Transitioner_URL1,,,https://www.experian.com/blogs/ask-experian/credit-education/score-basics/,Module1_Mid-CareerSaver_URL1,,,https://www.experian.com/blogs/ask-experian/credit-education/score-basics/,Module1_YoungSaver_URL1,,,https://www.kcmodc.com/iApp/rsc/establishUserIdentify.x,M2_Online_Activation_EstablishIdentity,,,https://www.kcmodc.com/iApp/tcm/kcmodc/learning/library/some_benefits_of_consolidation.jsp,M2_Rollin_NonRetiree_BenefitsofConsolidation,https://www.kcmodc.com/iApp/tcm/kcmodc/learning/library/some_benefits_of_consolidation.jsp,M2_Rollin_Retiree_BenefitsofConsolidation,https://www.kcmodc.com/iApp/rsc/login.x,M2_CE_Increase_Login,https://www.kcmodc.com/iApp/rsc/one-rp-retirement-planner.x,M2_MIRP_Users_DeepLink,https://www.kcmodc.com/iApp/rsc/one-rp-retirement-planner.x,M2_MIRP_ReVisit_DeepLink,https://www.kcmodc.com/iApp/tcm/kcmodc/learning/library/possible_benefits_of_staying_in_the_plan.jsp,M2_StayInPlan_PUBRetirees_Benefits,https://www.kcmodc.com/iApp/tcm/kcmodc/learning/library/possible_benefits_of_staying_in_the_plan.jsp,M2_StayInPlan_Transitioners_Benefits,,,,,,,,,The conversation more people are having,,The conversation more people are having,,A pro tip on credit scores,,A pro tip on credit scores,,Creating a will – free and simplified,Creating a will – free and simplified,How your credit score can help your retirement,How your credit score can help your retirement,Prepare for your future to make sure your wishes are honored.,Prepare for your future to make sure your wishes are honored.,Get tips on how to raise your credit score and improve your finances.,Get tips on how to raise your credit score and improve your finances.
Kansas City Missouri Board of Police Commissioners,https://blog.nationwide.com/who-to-name-in-a-will/,Module1_InferredRetiree_URL1,,,https://blog.nationwide.com/who-to-name-in-a-will/,Module1_Transitioner_URL1,,,https://www.experian.com/blogs/ask-experian/credit-education/score-basics/,Module1_Mid-CareerSaver_URL1,,,https://www.experian.com/blogs/ask-experian/credit-education/score-basics/,Module1_YoungSaver_URL1,,,https://www.kcpddc.com/iApp/rsc/establishUserIdentify.x,M2_Online_Activation_EstablishIdentity,https://www.kcpddc.com/iApp/tcm/kcpddc/about/proaccount.jsp,M2_ProAccount_About,https://www.kcpddc.com/iApp/tcm/kcpddc/learning/library/some_benefits_of_consolidation.jsp,M2_Rollin_NonRetiree_BenefitsofConsolidation,https://www.kcpddc.com/iApp/tcm/kcpddc/learning/library/some_benefits_of_consolidation.jsp,M2_Rollin_Retiree_BenefitsofConsolidation,https://www.kcpddc.com/iApp/rsc/login.x,M2_CE_Increase_Login,https://www.kcpddc.com/iApp/rsc/one-rp-retirement-planner.x,M2_MIRP_Users_DeepLink,https://www.kcpddc.com/iApp/rsc/one-rp-retirement-planner.x,M2_MIRP_ReVisit_DeepLink,https://www.kcpddc.com/iApp/tcm/kcpddc/learning/library/possible_benefits_of_staying_in_the_plan.jsp,M2_StayInPlan_PUBRetirees_Benefits,https://www.kcpddc.com/iApp/tcm/kcpddc/learning/library/possible_benefits_of_staying_in_the_plan.jsp,M2_StayInPlan_Transitioners_Benefits,,,,,,,,,The conversation more people are having,,The conversation more people are having,,A pro tip on credit scores,,A pro tip on credit scores,,Creating a will – free and simplified,Creating a will – free and simplified,How your credit score can help your retirement,How your credit score can help your retirement,Prepare for your future to make sure your wishes are honored.,Prepare for your future to make sure your wishes are honored.,Get tips on how to raise your credit score and improve your finances.,Get tips on how to raise your credit score and improve your finances.
Kentucky,https://blog.nationwide.com/who-to-name-in-a-will/,Module1_InferredRetiree_URL1,,,https://blog.nationwide.com/who-to-name-in-a-will/,Module1_Transitioner_URL1,,,https://www.experian.com/blogs/ask-experian/credit-education/score-basics/,Module1_Mid-CareerSaver_URL1,,,https://www.experian.com/blogs/ask-experian/credit-education/score-basics/,Module1_YoungSaver_URL1,,,https://www.kentuckyplans.com/iApp/rsc/establishUserIdentify.x,M2_Online_Activation_EstablishIdentity,https://www.kentuckyplans.com/iApp/tcm/kentuckyplans/about/proaccount.jsp,M2_ProAccount_About,https://www.kentuckyplans.com/iApp/tcm/kentuckyplans/learning/library/some_benefits_of_consolidation.jsp,M2_Rollin_NonRetiree_BenefitsofConsolidation,https://www.kentuckyplans.com/iApp/tcm/kentuckyplans/learning/library/some_benefits_of_consolidation.jsp,M2_Rollin_Retiree_BenefitsofConsolidation,https://www.kentuckyplans.com/iApp/rsc/login.x,M2_CE_Increase_Login,https://www.kentuckyplans.com/iApp/rsc/one-rp-retirement-planner.x,M2_MIRP_Users_DeepLink,https://www.kentuckyplans.com/iApp/rsc/one-rp-retirement-planner.x,M2_MIRP_ReVisit_DeepLink,https://www.kentuckyplans.com/iApp/tcm/kentuckyplans/learning/library/possible_benefits_of_staying_in_the_plan.jsp,M2_StayInPlan_PUBRetirees_Benefits,https://www.kentuckyplans.com/iApp/tcm/kentuckyplans/learning/library/possible_benefits_of_staying_in_the_plan.jsp,M2_StayInPlan_Transitioners_Benefits,,,,,,,,,The conversation more people are having,,The conversation more people are having,,A pro tip on credit scores,,A pro tip on credit scores,,Creating a will – free and simplified,Creating a will – free and simplified,How your credit score can help your retirement,How your credit score can help your retirement,Prepare for your future to make sure your wishes are honored.,Prepare for your future to make sure your wishes are honored.,Get tips on how to raise your credit score and improve your finances.,Get tips on how to raise your credit score and improve your finances.
Las Vegas,https://blog.nationwide.com/who-to-name-in-a-will/,Module1_InferredRetiree_URL1,,,https://blog.nationwide.com/who-to-name-in-a-will/,Module1_Transitioner_URL1,,,https://www.experian.com/blogs/ask-experian/credit-education/score-basics/,Module1_Mid-CareerSaver_URL1,,,https://www.experian.com/blogs/ask-experian/credit-education/score-basics/,Module1_YoungSaver_URL1,,,https://www.CLVdeferredcomp.com/iApp/rsc/establishUserIdentify.x,M2_Online_Activation_EstablishIdentity,https://www.clvdeferredcomp.com/rsc-web-preauth/enroll/proaccount/index.html,M2_ProAccount_About,https://www.CLVdeferredcomp.com/rsc-web-preauth/articles/rollovers.html,M2_Rollin_NonRetiree_BenefitsofConsolidation,https://www.CLVdeferredcomp.com/rsc-web-preauth/articles/rollovers.html,M2_Rollin_Retiree_BenefitsofConsolidation,https://www.CLVdeferredcomp.com/iApp/rsc/login.x,M2_CE_Increase_Login,https://www.CLVdeferredcomp.com/iApp/rsc/one-rp-retirement-planner.x,M2_MIRP_Users_DeepLink,https://www.CLVdeferredcomp.com/iApp/rsc/one-rp-retirement-planner.x,M2_MIRP_ReVisit_DeepLink,https://www.CLVdeferredcomp.com/rsc-web-preauth/about-to-retire/articles/stay-in-your-plan.html,M2_StayInPlan_PUBRetirees_Benefits,https://www.CLVdeferredcomp.com/rsc-web-preauth/about-to-retire/articles/stay-in-your-plan.html,M2_StayInPlan_Transitioners_Benefits,,,,,,,,,The conversation more people are having,,The conversation more people are having,,A pro tip on credit scores,,A pro tip on credit scores,,Creating a will – free and simplified,Creating a will – free and simplified,How your credit score can help your retirement,How your credit score can help your retirement,Prepare for your future to make sure your wishes are honored.,Prepare for your future to make sure your wishes are honored.,Get tips on how to raise your credit score and improve your finances.,Get tips on how to raise your credit score and improve your finances.
Maricopa County,https://blog.nationwide.com/who-to-name-in-a-will/,Module1_InferredRetiree_URL1,,,https://blog.nationwide.com/who-to-name-in-a-will/,Module1_Transitioner_URL1,,,https://www.experian.com/blogs/ask-experian/credit-education/score-basics/,Module1_Mid-CareerSaver_URL1,,,https://www.experian.com/blogs/ask-experian/credit-education/score-basics/,Module1_YoungSaver_URL1,,,https://www.maricopadc.com/iApp/rsc/establishUserIdentify.x,M2_Online_Activation_EstablishIdentity,https://www.maricopadc.com/iApp/tcm/maricopadc/about/proaccount.jsp,M2_ProAccount_About,https://www.maricopadc.com/iApp/tcm/maricopadc/learning/library/some_benefits_of_consolidation.jsp,M2_Rollin_NonRetiree_BenefitsofConsolidation,https://www.maricopadc.com/iApp/tcm/maricopadc/learning/library/some_benefits_of_consolidation.jsp,M2_Rollin_Retiree_BenefitsofConsolidation,https://www.maricopadc.com/iApp/rsc/login.x,M2_CE_Increase_Login,https://www.maricopadc.com/iApp/rsc/one-rp-retirement-planner.x,M2_MIRP_Users_DeepLink,https://www.maricopadc.com/iApp/rsc/one-rp-retirement-planner.x,M2_MIRP_ReVisit_DeepLink,https://www.maricopadc.com/iApp/tcm/maricopadc/learning/library/possible_benefits_of_staying_in_the_plan.jsp,M2_StayInPlan_PUBRetirees_Benefits,https://www.maricopadc.com/iApp/tcm/maricopadc/learning/library/possible_benefits_of_staying_in_the_plan.jsp,M2_StayInPlan_Transitioners_Benefits,,,,,,,,,The conversation more people are having,,The conversation more people are having,,A pro tip on credit scores,,A pro tip on credit scores,,Creating a will – free and simplified,Creating a will – free and simplified,How your credit score can help your retirement,How your credit score can help your retirement,Prepare for your future to make sure your wishes are honored.,Prepare for your future to make sure your wishes are honored.,Get tips on how to raise your credit score and improve your finances.,Get tips on how to raise your credit score and improve your finances.
MassHousing,https://blog.nationwide.com/who-to-name-in-a-will/,Module1_InferredRetiree_URL1,,,https://blog.nationwide.com/who-to-name-in-a-will/,Module1_Transitioner_URL1,,,https://www.experian.com/blogs/ask-experian/credit-education/score-basics/,Module1_Mid-CareerSaver_URL1,,,https://www.experian.com/blogs/ask-experian/credit-education/score-basics/,Module1_YoungSaver_URL1,,,https://www.masshousingdc.com/iApp/rsc/establishUserIdentify.x,M2_Online_Activation_EstablishIdentity,,,https://www.masshousingdc.com/rsc-web-preauth/articles/rollovers.html,M2_Rollin_NonRetiree_BenefitsofConsolidation,https://www.masshousingdc.com/rsc-web-preauth/articles/rollovers.html,M2_Rollin_Retiree_BenefitsofConsolidation,https://www.masshousingdc.com/iApp/rsc/login.x,M2_CE_Increase_Login,https://www.masshousingdc.com/iApp/rsc/one-rp-retirement-planner.x,M2_MIRP_Users_DeepLink,https://www.masshousingdc.com/iApp/rsc/one-rp-retirement-planner.x,M2_MIRP_ReVisit_DeepLink,https://www.masshousingdc.com/rsc-web-preauth/about-to-retire/articles/stay-in-your-plan.html,M2_StayInPlan_PUBRetirees_Benefits,https://www.masshousingdc.com/rsc-web-preauth/about-to-retire/articles/stay-in-your-plan.html,M2_StayInPlan_Transitioners_Benefits,,,,,,,,,The conversation more people are having,,The conversation more people are having,,A pro tip on credit scores,,A pro tip on credit scores,,Creating a will – free and simplified,Creating a will – free and simplified,How your credit score can help your retirement,How your credit score can help your retirement,Prepare for your future to make sure your wishes are honored.,Prepare for your future to make sure your wishes are honored.,Get tips on how to raise your credit score and improve your finances.,Get tips on how to raise your credit score and improve your finances.
Mesa Fire & Medical,https://blog.nationwide.com/who-to-name-in-a-will/,Module1_InferredRetiree_URL1,,,https://blog.nationwide.com/who-to-name-in-a-will/,Module1_Transitioner_URL1,,,https://www.experian.com/blogs/ask-experian/credit-education/score-basics/,Module1_Mid-CareerSaver_URL1,,,https://www.experian.com/blogs/ask-experian/credit-education/score-basics/,Module1_YoungSaver_URL1,,,https://www.mesafiredc.com/iApp/rsc/establishUserIdentify.x,M2_Online_Activation_EstablishIdentity,https://www.mesafiredc.com/iApp/tcm/mesafiredc/about/proaccount.jsp,M2_ProAccount_About,https://www.mesafiredc.com/iApp/tcm/mesafiredc/learning/library/some_benefits_of_consolidation.jsp,M2_Rollin_NonRetiree_BenefitsofConsolidation,https://www.mesafiredc.com/iApp/tcm/mesafiredc/learning/library/some_benefits_of_consolidation.jsp,M2_Rollin_Retiree_BenefitsofConsolidation,https://www.mesafiredc.com/iApp/rsc/login.x,M2_CE_Increase_Login,https://www.mesafiredc.com/iApp/rsc/one-rp-retirement-planner.x,M2_MIRP_Users_DeepLink,https://www.mesafiredc.com/iApp/rsc/one-rp-retirement-planner.x,M2_MIRP_ReVisit_DeepLink,https://www.mesafiredc.com/iApp/tcm/mesafiredc/learning/library/possible_benefits_of_staying_in_the_plan.jsp,M2_StayInPlan_PUBRetirees_Benefits,https://www.mesafiredc.com/iApp/tcm/mesafiredc/learning/library/possible_benefits_of_staying_in_the_plan.jsp,M2_StayInPlan_Transitioners_Benefits,,,,,,,,,The conversation more people are having,,The conversation more people are having,,A pro tip on credit scores,,A pro tip on credit scores,,Creating a will – free and simplified,Creating a will – free and simplified,How your credit score can help your retirement,How your credit score can help your retirement,Prepare for your future to make sure your wishes are honored.,Prepare for your future to make sure your wishes are honored.,Get tips on how to raise your credit score and improve your finances.,Get tips on how to raise your credit score and improve your finances.
Methodist Hospital,,,,,https://blog.nationwide.com/who-to-name-in-a-will/,Module1_Transitioner_URL1,,,https://www.experian.com/blogs/ask-experian/credit-education/score-basics/,Module1_Mid-CareerSaver_URL1,,,https://www.experian.com/blogs/ask-experian/credit-education/score-basics/,Module1_YoungSaver_URL1,,,https://www.nationwide.com/mhsc.jsp,M2_Online_Activation_EstablishIdentity,https://www.nationwide.com/mhsc.jsp,M2_ProAccount_About,https://www.nationwide.com/mhsc.jsp,M2_Rollin_NonRetiree_BenefitsofConsolidation,https://www.nationwide.com/mhsc.jsp,M2_Rollin_Retiree_BenefitsofConsolidation,https://www.nationwide.com/mhsc.jsp,M2_CE_Increase_Login,https://www.nationwide.com/mhsc.jsp,M2_MIRP_Users_Login,https://www.nationwide.com/mhsc.jsp,M2_MIRP_ReVisit_Login,,,,,,,,,,,,,,,The conversation more people are having,,A pro tip on credit scores,,A pro tip on credit scores,,,Creating a will – free and simplified,How your credit score can help your retirement,How your credit score can help your retirement,,Prepare for your future to make sure your wishes are honored.,Get tips on how to raise your credit score and improve your finances.,Get tips on how to raise your credit score and improve your finances.
Metropolitan Atlanta Rapid Transit Authority,https://blog.nationwide.com/who-to-name-in-a-will/,Module1_InferredRetiree_URL1,,,https://blog.nationwide.com/who-to-name-in-a-will/,Module1_Transitioner_URL1,,,https://www.experian.com/blogs/ask-experian/credit-education/score-basics/,Module1_Mid-CareerSaver_URL1,,,https://www.experian.com/blogs/ask-experian/credit-education/score-basics/,Module1_YoungSaver_URL1,,,https://www.martadcp.com/iApp/rsc/establishUserIdentify.x,M2_Online_Activation_EstablishIdentity,https://www.martadcp.com/rsc-web-preauth/enroll/proaccount/index.html,M2_ProAccount_About,https://www.martadcp.com/rsc-web-preauth/articles/rollovers.html,M2_Rollin_NonRetiree_BenefitsofConsolidation,https://www.martadcp.com/rsc-web-preauth/articles/rollovers.html,M2_Rollin_Retiree_BenefitsofConsolidation,https://www.martadcp.com/iApp/rsc/login.x,M2_CE_Increase_Login,https://www.martadcp.com/iApp/rsc/one-rp-retirement-planner.x,M2_MIRP_Users_DeepLink,https://www.martadcp.com/iApp/rsc/one-rp-retirement-planner.x,M2_MIRP_ReVisit_DeepLink,https://www.martadcp.com/rsc-web-preauth/about-to-retire/articles/stay-in-your-plan.html,M2_StayInPlan_PUBRetirees_Benefits,https://www.martadcp.com/rsc-web-preauth/about-to-retire/articles/stay-in-your-plan.html,M2_StayInPlan_Transitioners_Benefits,,,,,,,,,The conversation more people are having,,The conversation more people are having,,A pro tip on credit scores,,A pro tip on credit scores,,Creating a will – free and simplified,Creating a will – free and simplified,How your credit score can help your retirement,How your credit score can help your retirement,Prepare for your future to make sure your wishes are honored.,Prepare for your future to make sure your wishes are honored.,Get tips on how to raise your credit score and improve your finances.,Get tips on how to raise your credit score and improve your finances.
Miami,https://blog.nationwide.com/who-to-name-in-a-will/,Module1_InferredRetiree_URL1,,,https://blog.nationwide.com/who-to-name-in-a-will/,Module1_Transitioner_URL1,,,https://www.experian.com/blogs/ask-experian/credit-education/score-basics/,Module1_Mid-CareerSaver_URL1,,,https://www.experian.com/blogs/ask-experian/credit-education/score-basics/,Module1_YoungSaver_URL1,,,https://www.miami457.com/iApp/rsc/establishUserIdentify.x,M2_Online_Activation_EstablishIdentity,https://www.miami457.com/rsc-web-preauth/enroll/proaccount/index.html,M2_ProAccount_About,https://www.miami457.com/rsc-web-preauth/articles/rollovers.html,M2_Rollin_NonRetiree_BenefitsofConsolidation,https://www.miami457.com/rsc-web-preauth/articles/rollovers.html,M2_Rollin_Retiree_BenefitsofConsolidation,https://www.miami457.com/iApp/rsc/login.x,M2_CE_Increase_Login,https://www.miami457.com/iApp/rsc/one-rp-retirement-planner.x,M2_MIRP_Users_DeepLink,https://www.miami457.com/iApp/rsc/one-rp-retirement-planner.x,M2_MIRP_ReVisit_DeepLink,https://www.miami457.com/rsc-web-preauth/about-to-retire/articles/stay-in-your-plan.html,M2_StayInPlan_PUBRetirees_Benefits,https://www.miami457.com/rsc-web-preauth/about-to-retire/articles/stay-in-your-plan.html,M2_StayInPlan_Transitioners_Benefits,,,,,,,,,The conversation more people are having,,The conversation more people are having,,A pro tip on credit scores,,A pro tip on credit scores,,Creating a will – free and simplified,Creating a will – free and simplified,How your credit score can help your retirement,How your credit score can help your retirement,Prepare for your future to make sure your wishes are honored.,Prepare for your future to make sure your wishes are honored.,Get tips on how to raise your credit score and improve your finances.,Get tips on how to raise your credit score and improve your finances.
Miami-Dade County,https://blog.nationwide.com/who-to-name-in-a-will/,Module1_InferredRetiree_URL1,,,https://blog.nationwide.com/who-to-name-in-a-will/,Module1_Transitioner_URL1,,,https://www.experian.com/blogs/ask-experian/credit-education/score-basics/,Module1_Mid-CareerSaver_URL1,,,https://www.experian.com/blogs/ask-experian/credit-education/score-basics/,Module1_YoungSaver_URL1,,,https://www.miamidade457.com/iApp/rsc/establishUserIdentify.x,M2_Online_Activation_EstablishIdentity,https://www.miamidade457.com/iApp/tcm/miamidade457/about/proaccount.jsp,M2_ProAccount_About,https://www.miamidade457.com/iApp/tcm/miamidade457/learning/library/some_benefits_of_consolidation.jsp,M2_Rollin_NonRetiree_BenefitsofConsolidation,https://www.miamidade457.com/iApp/tcm/miamidade457/learning/library/some_benefits_of_consolidation.jsp,M2_Rollin_Retiree_BenefitsofConsolidation,https://www.miamidade457.com/iApp/rsc/login.x,M2_CE_Increase_Login,https://www.miamidade457.com/iApp/rsc/one-rp-retirement-planner.x,M2_MIRP_Users_DeepLink,https://www.miamidade457.com/iApp/rsc/one-rp-retirement-planner.x,M2_MIRP_ReVisit_DeepLink,https://www.miamidade457.com/iApp/tcm/miamidade457/learning/library/possible_benefits_of_staying_in_the_plan.jsp,M2_StayInPlan_PUBRetirees_Benefits,https://www.miamidade457.com/iApp/tcm/miamidade457/learning/library/possible_benefits_of_staying_in_the_plan.jsp,M2_StayInPlan_Transitioners_Benefits,,,,,,,,,The conversation more people are having,,The conversation more people are having,,A pro tip on credit scores,,A pro tip on credit scores,,Creating a will – free and simplified,Creating a will – free and simplified,How your credit score can help your retirement,How your credit score can help your retirement,Prepare for your future to make sure your wishes are honored.,Prepare for your future to make sure your wishes are honored.,Get tips on how to raise your credit score and improve your finances.,Get tips on how to raise your credit score and improve your finances.
Monterey County Deferred Comp Plan,https://blog.nationwide.com/who-to-name-in-a-will/,Module1_InferredRetiree_URL1,,,https://blog.nationwide.com/who-to-name-in-a-will/,Module1_Transitioner_URL1,,,https://www.experian.com/blogs/ask-experian/credit-education/score-basics/,Module1_Mid-CareerSaver_URL1,,,https://www.experian.com/blogs/ask-experian/credit-education/score-basics/,Module1_YoungSaver_URL1,,,https://www.mcdc457.com/iApp/rsc/establishUserIdentify.x,M2_Online_Activation_EstablishIdentity,https://www.mcdc457.com/rsc-web-preauth/enroll/proaccount/index.html,M2_ProAccount_About,https://www.mcdc457.com/rsc-web-preauth/articles/rollovers.html,M2_Rollin_NonRetiree_BenefitsofConsolidation,https://www.mcdc457.com/rsc-web-preauth/articles/rollovers.html,M2_Rollin_Retiree_BenefitsofConsolidation,https://www.mcdc457.com/iApp/rsc/login.x,M2_CE_Increase_Login,https://www.mcdc457.com/iApp/rsc/one-rp-retirement-planner.x,M2_MIRP_Users_DeepLink,https://www.mcdc457.com/iApp/rsc/one-rp-retirement-planner.x,M2_MIRP_ReVisit_DeepLink,https://www.mcdc457.com/rsc-web-preauth/about-to-retire/articles/stay-in-your-plan.html,M2_StayInPlan_PUBRetirees_Benefits,https://www.mcdc457.com/rsc-web-preauth/about-to-retire/articles/stay-in-your-plan.html,M2_StayInPlan_Transitioners_Benefits,,,,,,,,,The conversation more people are having,,The conversation more people are having,,A pro tip on credit scores,,A pro tip on credit scores,,Creating a will – free and simplified,Creating a will – free and simplified,How your credit score can help your retirement,How your credit score can help your retirement,Prepare for your future to make sure your wishes are honored.,Prepare for your future to make sure your wishes are honored.,Get tips on how to raise your credit score and improve your finances.,Get tips on how to raise your credit score and improve your finances.
Morehouse School of Medicine,,,,,https://blog.nationwide.com/who-to-name-in-a-will/,Module1_Transitioner_URL1,,,https://www.experian.com/blogs/ask-experian/credit-education/score-basics/,Module1_Mid-CareerSaver_URL1,,,https://www.experian.com/blogs/ask-experian/credit-education/score-basics/,Module1_YoungSaver_URL1,,,https://www.nationwide.com/msm.jsp,M2_Online_Activation_EstablishIdentity,https://www.nationwide.com/msm.jsp,M2_ProAccount_About,https://www.nationwide.com/msm.jsp,M2_Rollin_NonRetiree_BenefitsofConsolidation,https://www.nationwide.com/msm.jsp,M2_Rollin_Retiree_BenefitsofConsolidation,https://www.nationwide.com/msm.jsp,M2_CE_Increase_Login,https://www.nationwide.com/msm.jsp,M2_MIRP_Users_Login,https://www.nationwide.com/msm.jsp,M2_MIRP_ReVisit_Login,,,,,,,,,,,,,,,The conversation more people are having,,A pro tip on credit scores,,A pro tip on credit scores,,,Creating a will – free and simplified,How your credit score can help your retirement,How your credit score can help your retirement,,Prepare for your future to make sure your wishes are honored.,Get tips on how to raise your credit score and improve your finances.,Get tips on how to raise your credit score and improve your finances.
Sacramento 457,https://blog.nationwide.com/who-to-name-in-a-will/,Module1_InferredRetiree_URL1,,,https://blog.nationwide.com/who-to-name-in-a-will/,Module1_Transitioner_URL1,,,https://www.experian.com/blogs/ask-experian/credit-education/score-basics/,Module1_Mid-CareerSaver_URL1,,,https://www.experian.com/blogs/ask-experian/credit-education/score-basics/,Module1_YoungSaver_URL1,,,https://www.cityofsacretplan.com/iApp/rsc/establishUserIdentify.x,M2_Online_Activation_EstablishIdentity,https://www.cityofsacretplan.com/iApp/tcm/cityofsacretplan/about/proaccount.jsp,M2_ProAccount_About,https://www.cityofsacretplan.com/iApp/tcm/cityofsacretplan/learning/library/some_benefits_of_consolidation.jsp,M2_Rollin_NonRetiree_BenefitsofConsolidation,https://www.cityofsacretplan.com/iApp/tcm/cityofsacretplan/learning/library/some_benefits_of_consolidation.jsp,M2_Rollin_Retiree_BenefitsofConsolidation,https://www.cityofsacretplan.com/iApp/rsc/login.x,M2_CE_Increase_Login,https://www.cityofsacretplan.com/iApp/rsc/one-rp-retirement-planner.x,M2_MIRP_Users_DeepLink,https://www.cityofsacretplan.com/iApp/rsc/one-rp-retirement-planner.x,M2_MIRP_ReVisit_DeepLink,https://www.cityofsacretplan.com/iApp/tcm/cityofsacretplan/learning/library/possible_benefits_of_staying_in_the_plan.jsp,M2_StayInPlan_PUBRetirees_Benefits,https://www.cityofsacretplan.com/iApp/tcm/cityofsacretplan/learning/library/possible_benefits_of_staying_in_the_plan.jsp,M2_StayInPlan_Transitioners_Benefits,,,,,,,,,The conversation more people are having,,The conversation more people are having,,A pro tip on credit scores,,A pro tip on credit scores,,Creating a will – free and simplified,Creating a will – free and simplified,How your credit score can help your retirement,How your credit score can help your retirement,Prepare for your future to make sure your wishes are honored.,Prepare for your future to make sure your wishes are honored.,Get tips on how to raise your credit score and improve your finances.,Get tips on how to raise your credit score and improve your finances.
Sacramento Regional Transit District,https://blog.nationwide.com/who-to-name-in-a-will/,Module1_InferredRetiree_URL1,,,https://blog.nationwide.com/who-to-name-in-a-will/,Module1_Transitioner_URL1,,,https://www.experian.com/blogs/ask-experian/credit-education/score-basics/,Module1_Mid-CareerSaver_URL1,,,https://www.experian.com/blogs/ask-experian/credit-education/score-basics/,Module1_YoungSaver_URL1,,,https://www.nrsforu.com/iApp/rsc/establishUserIdentify.x,M2_Online_Activation_EstablishIdentity,https://www.nrsforu.com/rsc-web-preauth/enroll/proaccount/index.html,M2_ProAccount_About,https://www.nrsforu.com/rsc-web-preauth/articles/rollovers.html,M2_Rollin_NonRetiree_BenefitsofConsolidation,https://www.nrsforu.com/rsc-web-preauth/articles/rollovers.html,M2_Rollin_Retiree_BenefitsofConsolidation,https://www.nrsforu.com/iApp/rsc/login.x,M2_CE_Increase_Login,https://www.nrsforu.com/iApp/rsc/one-rp-retirement-planner.x,M2_MIRP_Users_DeepLink,https://www.nrsforu.com/iApp/rsc/one-rp-retirement-planner.x,M2_MIRP_ReVisit_DeepLink,https://www.nrsforu.com/rsc-web-preauth/about-to-retire/articles/stay-in-your-plan.html,M2_StayInPlan_PUBRetirees_Benefits,https://www.nrsforu.com/rsc-web-preauth/about-to-retire/articles/stay-in-your-plan.html,M2_StayInPlan_Transitioners_Benefits,,,,,,,,,The conversation more people are having,,The conversation more people are having,,A pro tip on credit scores,,A pro tip on credit scores,,Creating a will – free and simplified,Creating a will – free and simplified,How your credit score can help your retirement,How your credit score can help your retirement,Prepare for your future to make sure your wishes are honored.,Prepare for your future to make sure your wishes are honored.,Get tips on how to raise your credit score and improve your finances.,Get tips on how to raise your credit score and improve your finances.
San Diego County,https://blog.nationwide.com/who-to-name-in-a-will/,Module1_InferredRetiree_URL1,,,https://blog.nationwide.com/who-to-name-in-a-will/,Module1_Transitioner_URL1,,,https://www.experian.com/blogs/ask-experian/credit-education/score-basics/,Module1_Mid-CareerSaver_URL1,,,https://www.experian.com/blogs/ask-experian/credit-education/score-basics/,Module1_YoungSaver_URL1,,,https://www.mydcplan.com/iApp/rsc/establishUserIdentify.x,M2_Online_Activation_EstablishIdentity,,,https://www.mydcplan.com/iApp/tcm/mydcplan/learning/library/some_benefits_of_consolidation.jsp,M2_Rollin_NonRetiree_BenefitsofConsolidation,https://www.mydcplan.com/iApp/tcm/mydcplan/learning/library/some_benefits_of_consolidation.jsp,M2_Rollin_Retiree_BenefitsofConsolidation,https://www.mydcplan.com/iApp/rsc/login.x,M2_CE_Increase_Login,https://www.mydcplan.com/iApp/rsc/one-rp-retirement-planner.x,M2_MIRP_Users_DeepLink,https://www.mydcplan.com/iApp/rsc/one-rp-retirement-planner.x,M2_MIRP_ReVisit_DeepLink,https://www.mydcplan.com/iApp/tcm/mydcplan/learning/library/possible_benefits_of_staying_in_the_plan.jsp,M2_StayInPlan_PUBRetirees_Benefits,https://www.mydcplan.com/iApp/tcm/mydcplan/learning/library/possible_benefits_of_staying_in_the_plan.jsp,M2_StayInPlan_Transitioners_Benefits,,,,,,,,,The conversation more people are having,,The conversation more people are having,,A pro tip on credit scores,,A pro tip on credit scores,,Creating a will – free and simplified,Creating a will – free and simplified,How your credit score can help your retirement,How your credit score can help your retirement,Prepare for your future to make sure your wishes are honored.,Prepare for your future to make sure your wishes are honored.,Get tips on how to raise your credit score and improve your finances.,Get tips on how to raise your credit score and improve your finances.
Santa Clara,https://blog.nationwide.com/who-to-name-in-a-will/,Module1_InferredRetiree_URL1,,,https://blog.nationwide.com/who-to-name-in-a-will/,Module1_Transitioner_URL1,,,https://www.experian.com/blogs/ask-experian/credit-education/score-basics/,Module1_Mid-CareerSaver_URL1,,,https://www.experian.com/blogs/ask-experian/credit-education/score-basics/,Module1_YoungSaver_URL1,,,https://www.santaclaracadcp.com/iApp/rsc/establishUserIdentify.x,M2_Online_Activation_EstablishIdentity,https://www.santaclaracadcp.com/iApp/tcm/santaclaracadcp/about/proaccount.jsp,M2_ProAccount_About,https://www.santaclaracadcp.com/iApp/tcm/santaclaracadcp/learning/library/some_benefits_of_consolidation.jsp,M2_Rollin_NonRetiree_BenefitsofConsolidation,https://www.santaclaracadcp.com/iApp/tcm/santaclaracadcp/learning/library/some_benefits_of_consolidation.jsp,M2_Rollin_Retiree_BenefitsofConsolidation,https://www.santaclaracadcp.com/iApp/rsc/login.x,M2_CE_Increase_Login,https://www.santaclaracadcp.com/iApp/rsc/one-rp-retirement-planner.x,M2_MIRP_Users_DeepLink,https://www.santaclaracadcp.com/iApp/rsc/one-rp-retirement-planner.x,M2_MIRP_ReVisit_DeepLink,https://www.santaclaracadcp.com/iApp/tcm/santaclaracadcp/learning/library/possible_benefits_of_staying_in_the_plan.jsp,M2_StayInPlan_PUBRetirees_Benefits,https://www.santaclaracadcp.com/iApp/tcm/santaclaracadcp/learning/library/possible_benefits_of_staying_in_the_plan.jsp,M2_StayInPlan_Transitioners_Benefits,,,,,,,,,The conversation more people are having,,The conversation more people are having,,A pro tip on credit scores,,A pro tip on credit scores,,Creating a will – free and simplified,Creating a will – free and simplified,How your credit score can help your retirement,How your credit score can help your retirement,Prepare for your future to make sure your wishes are honored.,Prepare for your future to make sure your wishes are honored.,Get tips on how to raise your credit score and improve your finances.,Get tips on how to raise your credit score and improve your finances.
Santa Clara Valley Water District,https://blog.nationwide.com/who-to-name-in-a-will/,Module1_InferredRetiree_URL1,,,https://blog.nationwide.com/who-to-name-in-a-will/,Module1_Transitioner_URL1,,,https://www.experian.com/blogs/ask-experian/credit-education/score-basics/,Module1_Mid-CareerSaver_URL1,,,https://www.experian.com/blogs/ask-experian/credit-education/score-basics/,Module1_YoungSaver_URL1,,,https://www.santaclarawaterdcp.com/iApp/rsc/establishUserIdentify.x,M2_Online_Activation_EstablishIdentity,https://www.santaclarawaterdcp.com/iApp/tcm/santaclarawaterdcp/about/proaccount.jsp,M2_ProAccount_About,https://www.santaclarawaterdcp.com/iApp/tcm/santaclarawaterdcp/learning/library/some_benefits_of_consolidation.jsp,M2_Rollin_NonRetiree_BenefitsofConsolidation,https://www.santaclarawaterdcp.com/iApp/tcm/santaclarawaterdcp/learning/library/some_benefits_of_consolidation.jsp,M2_Rollin_Retiree_BenefitsofConsolidation,https://www.santaclarawaterdcp.com/iApp/rsc/login.x,M2_CE_Increase_Login,https://www.santaclarawaterdcp.com/iApp/rsc/one-rp-retirement-planner.x,M2_MIRP_Users_DeepLink,https://www.santaclarawaterdcp.com/iApp/rsc/one-rp-retirement-planner.x,M2_MIRP_ReVisit_DeepLink,https://www.santaclarawaterdcp.com/iApp/tcm/santaclarawaterdcp/learning/library/possible_benefits_of_staying_in_the_plan.jsp,M2_StayInPlan_PUBRetirees_Benefits,https://www.santaclarawaterdcp.com/iApp/tcm/santaclarawaterdcp/learning/library/possible_benefits_of_staying_in_the_plan.jsp,M2_StayInPlan_Transitioners_Benefits,,,,,,,,,The conversation more people are having,,The conversation more people are having,,A pro tip on credit scores,,A pro tip on credit scores,,Creating a will – free and simplified,Creating a will – free and simplified,How your credit score can help your retirement,How your credit score can help your retirement,Prepare for your future to make sure your wishes are honored.,Prepare for your future to make sure your wishes are honored.,Get tips on how to raise your credit score and improve your finances.,Get tips on how to raise your credit score and improve your finances.
Scottsdale,https://blog.nationwide.com/who-to-name-in-a-will/,Module1_InferredRetiree_URL1,,,https://blog.nationwide.com/who-to-name-in-a-will/,Module1_Transitioner_URL1,,,https://www.experian.com/blogs/ask-experian/credit-education/score-basics/,Module1_Mid-CareerSaver_URL1,,,https://www.experian.com/blogs/ask-experian/credit-education/score-basics/,Module1_YoungSaver_URL1,,,https://www.scottsdale457.com/iApp/rsc/establishUserIdentify.x,M2_Online_Activation_EstablishIdentity,https://www.scottsdale457.com/iApp/tcm/scottsdale457/about/proaccount.jsp,M2_ProAccount_About,https://www.scottsdale457.com/iApp/tcm/scottsdale457/learning/library/some_benefits_of_consolidation.jsp,M2_Rollin_NonRetiree_BenefitsofConsolidation,https://www.scottsdale457.com/iApp/tcm/scottsdale457/learning/library/some_benefits_of_consolidation.jsp,M2_Rollin_Retiree_BenefitsofConsolidation,https://www.scottsdale457.com/iApp/rsc/login.x,M2_CE_Increase_Login,https://www.scottsdale457.com/iApp/rsc/one-rp-retirement-planner.x,M2_MIRP_Users_DeepLink,https://www.scottsdale457.com/iApp/rsc/one-rp-retirement-planner.x,M2_MIRP_ReVisit_DeepLink,https://www.scottsdale457.com/iApp/tcm/scottsdale457/learning/library/possible_benefits_of_staying_in_the_plan.jsp,M2_StayInPlan_PUBRetirees_Benefits,https://www.scottsdale457.com/iApp/tcm/scottsdale457/learning/library/possible_benefits_of_staying_in_the_plan.jsp,M2_StayInPlan_Transitioners_Benefits,,,,,,,,,The conversation more people are having,,The conversation more people are having,,A pro tip on credit scores,,A pro tip on credit scores,,Creating a will – free and simplified,Creating a will – free and simplified,How your credit score can help your retirement,How your credit score can help your retirement,Prepare for your future to make sure your wishes are honored.,Prepare for your future to make sure your wishes are honored.,Get tips on how to raise your credit score and improve your finances.,Get tips on how to raise your credit score and improve your finances.
South Dakota Retirement System,https://blog.nationwide.com/who-to-name-in-a-will/,Module1_InferredRetiree_URL1,,,https://blog.nationwide.com/who-to-name-in-a-will/,Module1_Transitioner_URL1,,,https://www.experian.com/blogs/ask-experian/credit-education/score-basics/,Module1_Mid-CareerSaver_URL1,,,https://www.experian.com/blogs/ask-experian/credit-education/score-basics/,Module1_YoungSaver_URL1,,,https://www.srp457.com/iApp/rsc/establishUserIdentify.x,M2_Online_Activation_EstablishIdentity,https://www.srp457.com/iApp/tcm/srp457/about/proaccount.jsp,M2_ProAccount_About,https://www.srp457.com/iApp/tcm/srp457/learning/library/some_benefits_of_consolidation.jsp,M2_Rollin_NonRetiree_BenefitsofConsolidation,https://www.srp457.com/iApp/tcm/srp457/learning/library/some_benefits_of_consolidation.jsp,M2_Rollin_Retiree_BenefitsofConsolidation,https://www.srp457.com/iApp/rsc/login.x,M2_CE_Increase_Login,https://www.srp457.com/iApp/rsc/one-rp-retirement-planner.x,M2_MIRP_Users_DeepLink,https://www.srp457.com/iApp/rsc/one-rp-retirement-planner.x,M2_MIRP_ReVisit_DeepLink,https://www.srp457.com/iApp/tcm/srp457/learning/library/possible_benefits_of_staying_in_the_plan.jsp,M2_StayInPlan_PUBRetirees_Benefits,https://www.srp457.com/iApp/tcm/srp457/learning/library/possible_benefits_of_staying_in_the_plan.jsp,M2_StayInPlan_Transitioners_Benefits,,,,,,,,,The conversation more people are having,,The conversation more people are having,,A pro tip on credit scores,,A pro tip on credit scores,,Creating a will – free and simplified,Creating a will – free and simplified,How your credit score can help your retirement,How your credit score can help your retirement,Prepare for your future to make sure your wishes are honored.,Prepare for your future to make sure your wishes are honored.,Get tips on how to raise your credit score and improve your finances.,Get tips on how to raise your credit score and improve your finances.
Stanislaus County,https://blog.nationwide.com/who-to-name-in-a-will/,Module1_InferredRetiree_URL1,,,https://blog.nationwide.com/who-to-name-in-a-will/,Module1_Transitioner_URL1,,,https://www.experian.com/blogs/ask-experian/credit-education/score-basics/,Module1_Mid-CareerSaver_URL1,,,https://www.experian.com/blogs/ask-experian/credit-education/score-basics/,Module1_YoungSaver_URL1,,,https://www.stanislausdc.com/iApp/rsc/establishUserIdentify.x,M2_Online_Activation_EstablishIdentity,https://www.stanislausdc.com/rsc-web-preauth/enroll/proaccount/index.html,M2_ProAccount_About,https://www.stanislausdc.com/rsc-web-preauth/articles/rollovers.html,M2_Rollin_NonRetiree_BenefitsofConsolidation,https://www.stanislausdc.com/rsc-web-preauth/articles/rollovers.html,M2_Rollin_Retiree_BenefitsofConsolidation,https://www.stanislausdc.com/iApp/rsc/login.x,M2_CE_Increase_Login,https://www.stanislausdc.com/iApp/rsc/one-rp-retirement-planner.x,M2_MIRP_Users_DeepLink,https://www.stanislausdc.com/iApp/rsc/one-rp-retirement-planner.x,M2_MIRP_ReVisit_DeepLink,https://www.stanislausdc.com/rsc-web-preauth/about-to-retire/articles/stay-in-your-plan.html,M2_StayInPlan_PUBRetirees_Benefits,https://www.stanislausdc.com/rsc-web-preauth/about-to-retire/articles/stay-in-your-plan.html,M2_StayInPlan_Transitioners_Benefits,,,,,,,,,The conversation more people are having,,The conversation more people are having,,A pro tip on credit scores,,A pro tip on credit scores,,Creating a will – free and simplified,Creating a will – free and simplified,How your credit score can help your retirement,How your credit score can help your retirement,Prepare for your future to make sure your wishes are honored.,Prepare for your future to make sure your wishes are honored.,Get tips on how to raise your credit score and improve your finances.,Get tips on how to raise your credit score and improve your finances.
Suncoast,,,,,https://blog.nationwide.com/who-to-name-in-a-will/,Module1_Transitioner_URL1,,,https://www.experian.com/blogs/ask-experian/credit-education/score-basics/,Module1_Mid-CareerSaver_URL1,,,https://www.experian.com/blogs/ask-experian/credit-education/score-basics/,Module1_YoungSaver_URL1,,,https://www.nationwide.com/suncoast.jsp,M2_Online_Activation_EstablishIdentity,https://www.nationwide.com/suncoast.jsp,M2_ProAccount_About,https://www.nationwide.com/suncoast.jsp,M2_Rollin_NonRetiree_BenefitsofConsolidation,https://www.nationwide.com/suncoast.jsp,M2_Rollin_Retiree_BenefitsofConsolidation,https://www.nationwide.com/suncoast.jsp,M2_CE_Increase_Login,https://www.nationwide.com/suncoast.jsp,M2_MIRP_Users_Login,https://www.nationwide.com/suncoast.jsp,M2_MIRP_ReVisit_Login,,,,,,,,,,,,,,,The conversation more people are having,,A pro tip on credit scores,,A pro tip on credit scores,,,Creating a will – free and simplified,How your credit score can help your retirement,How your credit score can help your retirement,,Prepare for your future to make sure your wishes are honored.,Get tips on how to raise your credit score and improve your finances.,Get tips on how to raise your credit score and improve your finances.
Tulsa,https://blog.nationwide.com/who-to-name-in-a-will/,Module1_InferredRetiree_URL1,,,https://blog.nationwide.com/who-to-name-in-a-will/,Module1_Transitioner_URL1,,,https://www.experian.com/blogs/ask-experian/credit-education/score-basics/,Module1_Mid-CareerSaver_URL1,,,https://www.experian.com/blogs/ask-experian/credit-education/score-basics/,Module1_YoungSaver_URL1,,,https://www.tulsa457.com/iApp/rsc/establishUserIdentify.x,M2_Online_Activation_EstablishIdentity,https://www.tulsa457.com/iApp/tcm/tulsa457/about/proaccount.jsp,M2_ProAccount_About,https://www.tulsa457.com/iApp/tcm/tulsa457/learning/library/some_benefits_of_consolidation.jsp,M2_Rollin_NonRetiree_BenefitsofConsolidation,https://www.tulsa457.com/iApp/tcm/tulsa457/learning/library/some_benefits_of_consolidation.jsp,M2_Rollin_Retiree_BenefitsofConsolidation,https://www.tulsa457.com/iApp/rsc/login.x,M2_CE_Increase_Login,https://www.tulsa457.com/iApp/rsc/one-rp-retirement-planner.x,M2_MIRP_Users_DeepLink,https://www.tulsa457.com/iApp/rsc/one-rp-retirement-planner.x,M2_MIRP_ReVisit_DeepLink,https://www.tulsa457.com/iApp/tcm/tulsa457/learning/library/possible_benefits_of_staying_in_the_plan.jsp,M2_StayInPlan_PUBRetirees_Benefits,https://www.tulsa457.com/iApp/tcm/tulsa457/learning/library/possible_benefits_of_staying_in_the_plan.jsp,M2_StayInPlan_Transitioners_Benefits,,,,,,,,,The conversation more people are having,,The conversation more people are having,,A pro tip on credit scores,,A pro tip on credit scores,,Creating a will – free and simplified,Creating a will – free and simplified,How your credit score can help your retirement,How your credit score can help your retirement,Prepare for your future to make sure your wishes are honored.,Prepare for your future to make sure your wishes are honored.,Get tips on how to raise your credit score and improve your finances.,Get tips on how to raise your credit score and improve your finances.
Thornton,https://blog.nationwide.com/who-to-name-in-a-will/,Module1_InferredRetiree_URL1,,,https://blog.nationwide.com/who-to-name-in-a-will/,Module1_Transitioner_URL1,,,https://www.experian.com/blogs/ask-experian/credit-education/score-basics/,Module1_Mid-CareerSaver_URL1,,,https://www.experian.com/blogs/ask-experian/credit-education/score-basics/,Module1_YoungSaver_URL1,,,https://www.mythorntonretirement.com/iApp/rsc/establishUserIdentify.x,M2_Online_Activation_EstablishIdentity,https://www.mythorntonretirement.com/rsc-web-preauth/enroll/proaccount/index.html,M2_ProAccount_About,https://www.mythorntonretirement.com/rsc-web-preauth/articles/rollovers.html,M2_Rollin_NonRetiree_BenefitsofConsolidation,https://www.mythorntonretirement.com/rsc-web-preauth/articles/rollovers.html,M2_Rollin_Retiree_BenefitsofConsolidation,https://www.mythorntonretirement.com/iApp/rsc/login.x,M2_CE_Increase_Login,https://www.mythorntonretirement.com/iApp/rsc/one-rp-retirement-planner.x,M2_MIRP_Users_DeepLink,https://www.mythorntonretirement.com/iApp/rsc/one-rp-retirement-planner.x,M2_MIRP_ReVisit_DeepLink,https://www.mythorntonretirement.com/rsc-web-preauth/about-to-retire/articles/stay-in-your-plan.html,M2_StayInPlan_PUBRetirees_Benefits,https://www.mythorntonretirement.com/rsc-web-preauth/about-to-retire/articles/stay-in-your-plan.html,M2_StayInPlan_Transitioners_Benefits,,,,,,,,,The conversation more people are having,,The conversation more people are having,,A pro tip on credit scores,,A pro tip on credit scores,,Creating a will – free and simplified,Creating a will – free and simplified,How your credit score can help your retirement,How your credit score can help your retirement,Prepare for your future to make sure your wishes are honored.,Prepare for your future to make sure your wishes are honored.,Get tips on how to raise your credit score and improve your finances.,Get tips on how to raise your credit score and improve your finances.